"id","code","name","account_type","reconcile","tag_ids","tax_ids"
"by_010000","01.00.00","Основные средства","asset_current","False","",""
"by_010100","01.01.00","Основные средства в организации","asset_current","False","",""
"by_020000","02.00.00","Амортизация основных средств","expense_depreciation","False","",""
"by_020100","02.01.00","Амортизация основных средств, учитываемых на счете 01","expense_depreciation","False","",""
"by_020200","02.02.00","Амортизация основных средств, учитываемых на счете 03","expense_depreciation","False","",""
"by_020201","02.02.01","Амортизация инвестиционной недвижимости","expense_depreciation","False","",""
"by_020202","02.02.02","Амортизация предметов финансовой аренды (лизинга)","expense_depreciation","False","",""
"by_030000","03.00.00","Доходные вложения в материальные ценности","asset_current","False","",""
"by_030100","03.01.00","Инвестиционная недвижимость","asset_current","False","",""
"by_030200","03.02.00","Предметы финансовой аренды (лизинга)","asset_current","False","",""
"by_030300","03.03.00","Прочие доходные вложения в материальные активы","asset_current","False","",""
"by_040000","04.00.00","Нематериальные активы","asset_current","False","",""
"by_040100","04.01.00","Нематериальные активы организации","asset_current","False","",""
"by_040200","04.02.00","Расходы на научно-исследовательские, опытно-конструкторские и технологические работы","asset_current","False","",""
"by_050000","05.00.00","Амортизация нематериальных активов","asset_current","False","",""
"by_060000","06.00.00","Долгосрочные финансовые вложения","asset_current","False","",""
"by_060100","06.01.00","Долгосрочные финансовые вложения в ценные бумаги","asset_current","False","",""
"by_060200","06.02.00","Предоставленные долгосрочные займы","asset_current","False","",""
"by_060300","06.03.00","Вклады по договору о совместной деятельности","asset_current","False","",""
"by_070000","07.00.00","Оборудование к установке и строительные материалы","asset_current","False","",""
"by_070100","07.01.00","Оборудование к установке на складе","asset_current","False","",""
"by_070200","07.02.00","Оборудование к установке, переданное в монтаж","asset_current","False","",""
"by_070300","07.03.00","Строительные материалы","asset_current","False","",""
"by_080000","08.00.00","Вложения в долгосрочные активы","asset_current","False","",""
"by_080100","08.01.00","Приобретение и создание основных средств","asset_current","False","",""
"by_080101","08.01.01","Приобретение объектов основных средств","asset_current","False","",""
"by_080102","08.01.02","Строительство объектов основных средств","asset_current","False","",""
"by_080200","08.02.00","Приобретение и создание инвестиционной недвижимости","asset_current","False","",""
"by_080201","08.02.01","Приобретение инвестиционной недвижимости","asset_current","False","",""
"by_080202","08.02.02","Создание инвестиционной недвижимости","asset_current","False","",""
"by_080300","08.03.00","Приобретение предметов финансовой аренды (лизинга)","asset_current","False","",""
"by_080400","08.04.00","Приобретение нематериальных активов","asset_current","False","",""
"by_080500","08.05.00","Приобретение и создание иных долгосрочных активов","asset_current","False","",""
"by_080501","08.05.01","Приобретение земельных участков","asset_current","False","",""
"by_080502","08.05.02","Приобретение объектов природопользования","asset_current","False","",""
"by_080503","08.05.03","Перевод молодняка животных в основное стадо","asset_current","False","",""
"by_080504","08.05.04","Приобретение взрослых животных","asset_current","False","",""
"by_090000","09.00.00","Отложенные налоговые активы","asset_current","False","",""
"by_100000","10.00.00","Материалы","asset_current","False","",""
"by_100100","10.01.00","Сырье и материалы","asset_current","False","",""
"by_100200","10.02.00","Покупные полуфабрикаты и комплектующие изделия","asset_current","False","",""
"by_100300","10.03.00","Топливо","asset_current","False","",""
"by_100400","10.04.00","Тара и тарные материалы","asset_current","False","",""
"by_100500","10.05.00","Запасные части","asset_current","False","",""
"by_100600","10.06.00","Прочие материалы","asset_current","False","",""
"by_100700","10.07.00","Материалы, переданные в переработку на сторону","asset_current","False","",""
"by_100800","10.08.00","Временные сооружения","asset_current","False","",""
"by_100900","10.09.00","Инвентарь и хозяйственные принадлежности","asset_current","False","",""
"by_100901","10.09.01","Инвентарь и хозяйственные принадлежности, инструменты на складе","asset_current","False","",""
"by_100902","10.09.02","Инвентарь и хозяйственные принадлежности, инструменты в эксплуатации","asset_current","False","",""
"by_101000","10.10.00","Специальная оснастка и специальная одежда на складе","asset_current","False","",""
"by_101100","10.11.00","Специальная оснастка и специальная одежда в эксплуатации","asset_current","False","",""
"by_101101","10.11.01","Специальная одежда в эксплуатации","asset_current","False","",""
"by_101102","10.11.02","Специальная оснастка в эксплуатации","asset_current","False","",""
"by_101200","10.12.00","Лом и отходы, содержащие драгоценные металлы","asset_current","False","",""
"by_110000","11.00.00","Животные на выращивании и откорме","asset_current","False","",""
"by_140000","14.00.00","Резервы под снижение стоимости запасов","asset_current","False","",""
"by_140100","14.01.00","Резервы под снижение стоимости материалов","asset_current","False","",""
"by_150000","15.00.00","Заготовление и приобретение материалов","asset_current","False","",""
"by_150100","15.01.00","Заготовление и приобретение материалов","asset_current","False","",""
"by_160000","16.00.00","Отклонение в стоимости материалов","asset_current","False","",""
"by_160100","16.01.00","Отклонение в стоимости материалов","asset_current","False","",""
"by_180000","18.00.00","Налог на добавленную стоимость по приобретенным товарам, работам, услугам","asset_current","False","",""
"by_180100","18.01.00","НДС по приобретенным основным средствам","asset_current","False","",""
"by_180200","18.02.00","НДС по приобретенным нематериальным активам","asset_current","False","",""
"by_180300","18.03.00","НДС по приобретенным ТМЦ, работам, услугам","asset_current","False","",""
"by_180400","18.04.00","НДС по приобретенным товарам","asset_current","False","",""
"by_180500","18.05.00","НДС по приобретенным имущественным правам","asset_current","False","",""
"by_180600","18.06.00","НДС по товарам, работам, услугам реализованным по ставке 10%","asset_current","False","",""
"by_180700","18.07.00","НДС по товарам, реализованным по ставке 0% (экспорт)","asset_current","False","",""
"by_180800","18.08.00","НДС при строительстве основных средств","asset_current","False","",""
"by_180900","18.09.00","НДС при ввозе из ЕАЭС","asset_current","False","",""
"by_200000","20.00.00","Основное производство","asset_current","False","",""
"by_200100","20.01.00","Основное производство","asset_current","False","",""
"by_200200","20.02.00","Производство продукции из давальческого сырья","asset_current","False","",""
"by_200300","20.03.00","Неоплаченные выполненные работы (услуги)","asset_current","False","",""
"by_210000","21.00.00","Полуфабрикаты собственного производства","asset_current","False","",""
"by_220000","22.00.00","Страховые выплаты","asset_current","False","",""
"by_220100","22.01.00","Страховые выплаты по прямому страхованию","asset_current","False","",""
"by_220200","22.02.00","Страховые выплаты по досрочно прекращенным договорам","asset_current","False","",""
"by_220300","22.03.00","Возмещение доли убытков, уплаченных по рискам, принятым в перестрахование","asset_current","False","",""
"by_220400","22.04.00","Полученные возмещения доли убытков","asset_current","False","",""
"by_230000","23.00.00","Вспомогательные производства","asset_current","False","",""
"by_250000","25.00.00","Общепроизводственные затраты","asset_current","False","",""
"by_260000","26.00.00","Общехозяйственные затраты","asset_current","False","",""
"by_280000","28.00.00","Брак в производстве","asset_current","False","",""
"by_290000","29.00.00","Обслуживающие производства и хозяйства","asset_current","False","",""
"by_410000","41.00.00","Товары","asset_current","False","",""
"by_410100","41.01.00","Товары на складах","asset_current","False","",""
"by_410101","41.01.01","Товары, полученные на склад","asset_current","True","","purchase_tax_template_vat20_by"
"by_410102","41.01.02","Товары, отгруженные со склада","asset_current","True","",""
"by_410200","41.02.00","Товары в розничной торговле","asset_current","False","",""
"by_410201","41.02.01","Товары в розничной торговле (в АТТ по продажной стоимости)","asset_current","False","",""
"by_410202","41.02.02","Товары в розничной торговле (в НТТ по продажной стоимости)","asset_current","False","",""
"by_410203","41.02.03","Товары в розничной торговле (по покупной стоимости)","asset_current","False","",""
"by_410300","41.03.00","Тара под товаром и порожняя","asset_current","False","",""
"by_410400","41.04.00","Покупные изделия","asset_current","False","",""
"by_410500","41.05.00","Товары, переданные для подготовки на сторону","asset_current","False","",""
"by_410600","41.06.00","Предметы проката","asset_current","False","",""
"by_420000","42.00.00","Торговая наценка","asset_current","False","",""
"by_420100","42.01.00","Торговая наценка","asset_current","False","",""
"by_420101","42.01.01","Торговая наценка в автоматизированных торговых точках","asset_current","False","",""
"by_420102","42.01.02","Торговая наценка в неавтоматизированных торговых точках","asset_current","False","",""
"by_420200","42.02","Торговая скидка","asset_current","False","",""
"by_420201","42.02.01","Торговая скидка АТТ","asset_current","False","",""
"by_420202","42.02.02","Торговая скидка НТТ","asset_current","False","",""
"by_420300","42.03.00","Розничный НДС","asset_current","False","",""
"by_420301","42.03.01","НДС в цене товара в АТТ","asset_current","False","",""
"by_420302","42.03.02","НДС в цене товара в НТТ","asset_current","False","",""
"by_430000","43.00.00","Готовая продукция","asset_current","False","",""
"by_440000","44.00.00","Расходы на реализацию","asset_current","False","",""
"by_440100","44.01.00","Коммерческие расходы в организациях, осуществляющих промышленную и иную производственную деятельность","asset_current","False","",""
"by_440200","44.02.00","Издержки обращения в организациях, осуществляющих торговую деятельность","asset_current","False","",""
"by_440201","44.02.01","Издержки обращения в организациях, осуществляющих торговую деятельность","asset_current","False","",""
"by_440202","44.02.02","Издержки обращения, подлежащие распределению","asset_current","False","",""
"by_450000","45.00.00","Товары отгруженные","asset_current","False","",""
"by_450100","45.01.00","Покупные товары отгруженные","asset_current","False","",""
"by_450200","45.02.00","Готовая продукция отгруженная","asset_current","False","",""
"by_450300","45.03.00","Прочие товары отгруженные","asset_current","False","",""
"by_470000","47.00.00","Долгосрочные активы, предназначенные для реализации","asset_current","False","",""
"by_500000","50.00.00","Касса","asset_cash","False","",""
"by_500100","50.01.00","Касса организации","asset_cash","False","",""
"by_500200","50.02.00","Операционная касса","asset_cash","False","",""
"by_500300","50.03.00","Касса организации (в валюте)","asset_cash","False","",""
"by_500400","50.04.00","Касса филиала","asset_cash","False","",""
"by_500401","50.04.01","Касса филиала 1","asset_cash","True","",""
"by_500402","50.04.02","Касса филиала 2","asset_cash","True","",""
"by_500499","50.04.99","Default Temporary Account for POS","asset_cash","True","",""
"by_510000","51.00.00","Расчетные счета","asset_cash","False","",""
"by_510100","51.01.00","Расчетные счета в белорусских рублях","asset_current","False","",""
"by_510101","51.01.01","Входящие платежи в белорусских рублях","asset_receivable","True","",""
"by_510102","51.01.02","Просроченные платежи в белорусских рублях","asset_current","False","",""
"by_520000","52.00.00","Валютные счета","asset_current","False","",""
"by_550000","55.00.00","Специальные счета в банках","asset_current","False","",""
"by_550100","55.01.00","Депозитные счета","asset_current","False","",""
"by_550200","55.02.00","Счета в драгоценных металлах","asset_current","False","",""
"by_550300","55.03.00","Специальный счет средств целевого финансирования","asset_current","False","",""
"by_551100","55.11.00","Депозитные счета (в валюте)","asset_current","False","",""
"by_553100","55.31.00","Специальный счет целевого финансирования (в валюте)","asset_current","False","",""
"by_570000","57.00.00","Переводы в пути","asset_current","False","",""
"by_570100","57.01.00","Инкассированные денежные средства","asset_current","False","",""
"by_570200","57.02.00","Денежные средства для приобретения иностранной валюты","asset_current","False","",""
"by_570300","57.03.00","Денежные средства в иностранных валютах для реализации","asset_current","False","",""
"by_570400","57.04.00","Денежные средства в пути","asset_current","False","",""
"by_570401","57.04.01","Денежные средства в пути. Терминалы.","asset_receivable","True","",""
"by_571100","57.11.00","Инкассированные денежные средства (в валюте)","asset_current","False","",""
"by_572100","57.21.00","Денежные средства для покупки  иностранной валюты (в валюте)","asset_current","False","",""
"by_580000","58.00.00","Краткосрочные финансовые вложения","asset_current","False","",""
"by_580100","58.01.00","Краткосрочные финансовые вложения в ценные бумаги","asset_current","False","",""
"by_580200","58.02.00","Предоставленные краткосрочные займы","asset_current","False","",""
"by_590000","59.00.00","Резервы под обесценение краткосрочных финансовых вложений","asset_current","False","",""
"by_600000","60.00.00","Расчеты с поставщиками и подрядчиками","liability_payable","True","",""
"by_600100","60.01.00","Расчеты с поставщиками и подрядчиками","liability_payable","True","",""
"by_600200","60.02.00","Расчеты по авансам выданным","liability_payable","True","",""
"by_600300","60.03.00","Векселя выданные","liability_payable","True","",""
"by_601200","60.12.00","Расчеты с поставщиками и подрядчиками (в у.е.)","liability_payable","True","",""
"by_602100","60.21.00","Расчеты по авансам выданным (в валюте)","liability_payable","True","",""
"by_602200","60.22.00","Расчеты по авансам выданным (в у.е.)","liability_payable","True","",""
"by_604100","60.41.00","Аккредитивы (в валюте)","liability_payable","True","",""
"by_620000","62.00.00","Расчеты с покупателями и заказчиками","asset_receivable","True","",""
"by_620100","62.01.00","Расчеты с покупателями и заказчиками","asset_receivable","True","",""
"by_620200","62.02.00","Расчеты в порядке инкассо","asset_receivable","True","",""
"by_620300","62.03.00","Расчеты по плановым платежам","asset_receivable","True","",""
"by_620400","62.04.00","Векселя полученные","asset_receivable","True","",""
"by_620500","62.05.00","Расчеты по авансам полученным","asset_receivable","True","",""
"by_620600","62.06.00","Расчеты по комиссионным товарам","asset_receivable","True","",""
"by_620700","62.07.00","Расчеты с дольщиками по финансированию создания объекта долевого строительства","asset_current","True","",""
"by_621100","62.11.00","Расчеты с покупателями и заказчиками (в валюте)","asset_receivable","True","",""
"by_621200","62.12.00","Расчеты с покупателями и заказчиками (в у.е.)","asset_receivable","True","",""
"by_625100","62.51.00","Расчеты по авансам полученным (в валюте)","asset_receivable","True","",""
"by_625200","62.52.00","Расчеты по авансам полученным (в у.е.)","asset_receivable","True","",""
"by_626100","62.61.00","Расчеты по комиссионным товарам (в валюте)","asset_receivable","True","",""
"by_630000","63.00.00","Резервы по сомнительным долгам","asset_current","True","",""
"by_650000","65.00.00","Отложенные налоговые обязательства","asset_current","True","",""
"by_660000","66.00.00","Расчеты по краткосрочным кредитам и займам","asset_current","True","",""
"by_660100","66.01.00","Расчеты по краткосрочным кредитам","asset_current","True","",""
"by_660200","66.02.00","Расчеты по краткосрочным займам","asset_current","True","",""
"by_660300","66.03.00","Расчеты по процентам по краткосрочным кредитам и займам","asset_current","True","",""
"by_661100","66.11.00","Расчеты по краткосрочным кредитам банка (в валюте)","asset_current","True","",""
"by_662100","66.21.00","Расчеты по краткосрочным займам (в валюте)","asset_current","True","",""
"by_663100","66.31.00","Расчеты по процентам по краткосрочным кредитам и займам (в валюте)","asset_current","True","",""
"by_670000","67.00.00","Расчеты по долгосрочным кредитам и займам","asset_current","True","",""
"by_670100","67.01.00","Расчеты по долгосрочным кредитам","asset_current","True","",""
"by_670200","67.02.00","Расчеты по долгосрочным займам","asset_current","True","",""
"by_670300","67.03.00","Расчеты по процентам по долгосрочным кредитам и займам","asset_current","True","",""
"by_671100","67.11.00","Расчеты по долгосрочным кредитам (в валюте)","asset_current","True","",""
"by_672100","67.21.00","Расчеты по долгосрочным займам (в валюте)","asset_current","True","",""
"by_673100","67.31.00","Расчеты по процентам по долгосрочным кредитам и займам (в валюте)","asset_current","True","",""
"by_680000","68.00.00","Расчеты по налогам и сборам","asset_current","False","",""
"by_680100","68.01.00","Расчеты по налогам и сборам, относимым на затраты по производству и реализации продукции, товаров, работ, услуг","asset_current","False","",""
"by_680101","68.01.01","Экологический налог","asset_current","False","",""
"by_680102","68.01.02","Земельный налог","asset_current","False","",""
"by_680103","68.01.03","Налог за размещение отходов","asset_current","False","",""
"by_680104","68.01.04","Налог на недвижимость","asset_current","False","",""
"by_680200","68.02","Расчеты по налогам и сборам, исчисляемым из выручки от реализации продукции, товаров, работ, услуг","asset_current","False","",""
"by_680201","68.02.01","Налог на добавленную стоимость","asset_current","False","",""
"by_680202","68.02.02","Местные целевые сборы","asset_current","False","",""
"by_680300","68.03.00","Расчеты по налогам и сборам, исчисляемым из прибыли (дохода)","asset_current","False","",""
"by_680301","68.03.01","Налог на прибыль","asset_current","False","",""
"by_680302","68.03.02","Налог на доходы","asset_current","False","",""
"by_680304","68.03.04","Налог на игорный бизнес","asset_current","False","",""
"by_680305","68.03.05","Транспортный налог","asset_current","False","",""
"by_680306","68.03.06","Налог на инфраструктуру","asset_current","False","",""
"by_680400","68.04.00","Расчеты по подоходному налогу","asset_current","False","",""
"by_680401","68.04.01","Подоходный налог","asset_current","False","",""
"by_680500","68.05.00","Расчеты по прочим платежам в бюджет","asset_current","False","",""
"by_680501","68.05.01","Прочие налоги и сборы","asset_current","False","",""
"by_680502","68.05.02","Инновационный фонд","asset_current","False","",""
"by_680700","68.07.00","Акцизы","asset_current","False","",""
"by_682200","68.22.00","НДС по экспорту к возмещению","asset_current","False","",""
"by_690000","69.00.00","Расчеты по социальному страхованию и обеспечению","asset_current","False","",""
"by_690100","69.01.00","Расчеты по социальному страхованию","asset_current","True","",""
"by_690200","69.02.00","Расчеты по пенсионному обеспечению (страховые взносы на обязательное пенсионное страхование)","asset_current","True","",""
"by_700000","70.00.00","Расчеты с персоналом по оплате труда","asset_current","True","",""
"by_710000","71.00.00","Расчеты с подотчетными лицами","asset_current","True","",""
"by_710100","71.01.00","Расчеты с подотчетными лицами","asset_current","True","",""
"by_711100","71.11.00","Расчеты с подотчетными лицами (в валюте)","asset_current","True","",""
"by_730000","73.00.00","Расчеты с персоналом по прочим операциям","asset_current","True","",""
"by_730100","73.01.00","Расчеты по предоставленным займам","asset_current","True","",""
"by_730200","73.02.00","Расчеты по возмещению ущерба","asset_current","False","",""
"by_730300","73.03.00","Расчеты по прочим операциям","asset_current","False","",""
"by_731100","73.11.00","Расчеты по предоставленным займам (в валюте)","asset_current","False","",""
"by_750000","75.00.00","Расчеты с учредителями","asset_current","False","",""
"by_750100","75.01.00","Расчеты по вкладам в уставный капитал","asset_current","False","",""
"by_750101","75.11.00","Расчеты по вкладам в уставный капитал","asset_current","False","",""
"by_750102","75.12.00","Расчеты по вкладам в уставный капитал (в валюте)","asset_current","False","",""
"by_750200","75.02.00","Расчеты по выплате дивидендов и других доходов","asset_current","False","",""
"by_750201","75.21.00","Расчеты по выплате дивидендов и других доходов","asset_current","False","",""
"by_750202","75.22.00","Расчеты по выплате дивидендов и других доходов (в валюте)","asset_current","False","",""
"by_760000","76.00.00","Расчеты с разными дебиторами и кредиторами","asset_current","True","",""
"by_760100","76.01.00","Расчеты по исполнительным документам","asset_current","True","",""
"by_760200","76.02.00","Расчеты по имущественному и личному страхованию","asset_current","True","",""
"by_760300","76.03.00","Расчеты по претензиям","asset_current","True","",""
"by_760400","76.04.00","Расчеты по причитающимся дивидендам и другим доходам","asset_current","True","",""
"by_760500","76.05.00","Расчеты по депонированным суммам","asset_current","True","",""
"by_760600","76.06.00","Расчеты по договору доверительного управления имуществом","asset_current","True","",""
"by_760700","76.07.00","Прочие расчеты с разными дебиторами и кредиторами","asset_current","True","",""
"by_760800","76.08.00","Расчеты по обязательному страхованию","asset_current","True","",""
"by_760900","76.09.00","Расчеты, связанные с выбывающей группой","asset_current","True","",""
"by_761000","76.10.00","Расчеты с розничными покупателями по платежным картам и банковским кредитам","asset_current","True","",""
"by_762100","76.21.00","Расчеты по имущественному и личному страхованию (в валюте)","asset_current","True","",""
"by_763100","76.31.00","Расчеты по претензиям (в валюте)","asset_current","False","",""
"by_763200","76.32.00","Расчеты по претензиям (в у.е.)","asset_current","False","",""
"by_767100","76.71.00","Прочие расчеты с разными дебиторами и кредиторами (в валюте)","asset_current","False","",""
"by_767200","76.72.00","Прочие расчеты с разными дебиторами и кредиторами (в у.е.)","asset_current","False","",""
"by_770000","77.00.00","Расчеты по прямому страхованию и перестрахованию","asset_current","False","",""
"by_770100","77.01.00","Расчеты по прямому страхованию со страхователями","asset_current","False","",""
"by_770200","77.02.00","Расчеты по рискам, принятым в перестрахование","asset_current","False","",""
"by_770300","77.03.00","Расчеты по рискам, переданным в перестрахование","asset_current","False","",""
"by_770400","77.04.00","Расчеты по прямому страхованию со страховыми агентами и брокерами","asset_current","False","",""
"by_770500","77.05.00","Расчеты по депо премий","asset_current","False","",""
"by_790000","79.00.00","Внутрихозяйственные расчеты","asset_current","False","",""
"by_790100","79.01.00","Расчеты по выделенному имуществу","asset_current","False","",""
"by_790200","79.02.00","Расчеты по текущим операциям","asset_current","False","",""
"by_790300","79.03.00","Расчеты по договору доверительного управления имуществом","asset_current","False","",""
"by_800000","80.00.00","Уставный капитал","asset_current","False","",""
"by_800100","80.01.00","Уставный капитал белорусских учредителей","asset_current","False","",""
"by_800200","80.02.00","Уставный капитал иностранных учредителей","asset_current","False","",""
"by_800300","80.03.00","Прочий капитал","asset_current","False","",""
"by_810000","81.00.00","Собственные акции (доли в уставном капитале)","asset_current","False","",""
"by_810100","81.01.00","Обыкновенные акции","asset_current","False","",""
"by_810200","81.02.00","Привилегированные акции","asset_current","False","",""
"by_810300","81.03.00","Прочий капитал","asset_current","False","",""
"by_820000","82.00.00","Резервный капитал","asset_current","False","",""
"by_820100","82.01.00","Резервы, образованные в соответствии с законодательством","asset_current","False","",""
"by_820200","82.02.00","Резервы, образованные в соответствии с учредительными документами","asset_current","False","",""
"by_830000","83.00.00","Добавочный капитал","asset_current","False","",""
"by_830100","83.01.00","Прирост стоимости имущества по переоценке","asset_current","False","",""
"by_830200","83.02.00","Эмиссионный доход от выпуска обыкновенных акций","asset_current","False","",""
"by_830300","83.03.00","Эмиссионный доход от выпуска привилегированных акций","asset_current","False","",""
"by_830400","83.04.00","Фонд пополнения собственных средств (6%)","asset_current","False","",""
"by_830500","83.05.00","Фонд накопления использованный","asset_current","False","",""
"by_830600","83.06.00","Фонд использования средств целевого финансирования","asset_current","False","",""
"by_830700","83.07.00","Фонд пополнения","asset_current","False","",""
"by_830800","83.08.00","Курсовые разницы по вкладам в уставный фонд","asset_current","False","",""
"by_830900","83.09.00","Другие источники","asset_current","False","",""
"by_840000","84.00.00","Нераспределенная прибыль (непокрытый убыток)","asset_current","False","",""
"by_840100","84.01.00","Прибыль, подлежащая распределению","asset_current","False","",""
"by_840200","84.02.00","Убыток, подлежащий покрытию","asset_current","False","",""
"by_840300","84.03.00","Нераспределенная прибыль в обращении","asset_current","False","",""
"by_840400","84.04.00","Нераспределенная прибыль использованная","asset_current","False","",""
"by_860000","86.00.00","Целевое финансирование","asset_current","False","",""
"by_860100","86.01.00","Целевое финансирование из бюджета","asset_current","False","",""
"by_860200","86.02.00","Прочее целевое финансирование и поступления","asset_current","False","",""
"by_900000","90.00.00","Доходы и расходы по текущей деятельности","asset_current","False","",""
"by_900100","90.01.00","Выручка от реализации продукции, товаров, работ, услуг","income","True","",""
"by_900101","90.01.01","Выручка от реализации продукции, товаров, работ, услуг","income","True","","sale_tax_template_vat20incl_by"
"by_900200","90.02.00","Налог на добавленную стоимость, исчисляемый из выручки от реализации продукции, товаров, работ, услуг","asset_current","False","",""
"by_900300","90.03.00","Прочие налоги и сборы, исчисляемые из выручки от реализации продукции, товаров, работ, услуг","asset_current","False","",""
"by_900301","90.03.01","Прочие налоги и сборы, исчисляемые из выручки от реализации продукции, товаров, работ, услуг","asset_current","False","",""
"by_900400","90.04.00","Себестоимость реализованной продукции, товаров, работ, услуг","expense","False","",""
"by_900401","90.04.01","Себестоимость реализованной продукции, товаров, работ, услуг","expense","False","",""
"by_900500","90.05.00","Управленческие расходы","expense","False","",""
"by_900501","90.05.01","Управленческие расходы","expense","False","",""
"by_900600","90.06.00","Расходы на реализацию","expense","False","",""
"by_900601","90.06.01","Расходы на реализацию","expense","False","",""
"by_900700","90.07.00","Прочие доходы по текущей деятельности","asset_current","False","",""
"by_900800","90.08.00","Налог на добавленную стоимость, исчисляемый от прочих доходов по текущей деятельности","asset_current","False","",""
"by_900900","90.09.00","Прочие налоги и сборы, исчисляемые от прочих доходов по текущей деятельности","asset_current","False","",""
"by_901000","90.10.00","Прочие расходы по текущей деятельности","expense","False","",""
"by_901100","90.11.00","Прибыль (убыток) от текущей деятельности","asset_current","False","",""
"by_910000","91.00.00","Прочие доходы и расходы","asset_current","False","",""
"by_910100","91.01.00","Прочие доходы","income","False","",""
"by_910200","91.02.00","Налог на добавленную стоимость","asset_current","False","",""
"by_910300","91.03.00","Прочие налоги и сборы, исчисляемые от прочих доходов","asset_current","False","",""
"by_910400","91.04.00","Прочие расходы","expense","False","",""
"by_910500","91.05.00","Сальдо прочих доходов и расходов","asset_current","False","",""
"by_930000","93.00.00","Страховые взносы (премии)","expense","False","",""
"by_930100","93.01.00","Страховые взносы (премии) по прямому страхованию","expense","False","",""
"by_930200","93.02.00","Страховые премии и портфель премий, полученные по рискам, принятым в перестрахование","expense","False","",""
"by_930300","93.03.00","Уплаченные страховые премии по рискам, переданным в перестрахование","expense","False","",""
"by_940000","94.00.00","Недостачи и потери от порчи имущества","expense","False","",""
"by_950000","95.00.00","Страховые резервы","asset_current","False","",""
"by_950100","95.01.00","Резерв по страхованию жизни","asset_current","False","",""
"by_950200","95.02.00","Результат изменения резерва по страхованию","asset_current","False","",""
"by_950300","95.03.00","Резерв незаработанной премии","asset_current","False","",""
"by_950400","95.04.00","Доля перестраховщиков","asset_current","False","",""
"by_950500","95.05.00","Результат изменения резерва незаработанной премии","asset_current","False","",""
"by_950600","95.06.00","Резерв заявленных неурегулированных убытков","asset_current","False","",""
"by_950700","95.07.00","Доля перестраховщиков в резерве заявленных, но неурегулированных убытков","asset_current","False","",""
"by_950800","95.08.00","Результат изменения резерва заявленных, но неурегулированных убытков","asset_current","False","",""
"by_950900","95.09.00","Резерв произошедших, но незаявленных убытков","asset_current","False","",""
"by_951000","95.10.00","Доля перестраховщиков в резерве произошедших, но незаявленных убытков","asset_current","False","",""
"by_951100","95.11.00","Результат изменения резерва произошедших, но незаявленных  убытков","expense","False","",""
"by_960000","96.00.00","Резервы предстоящих платежей","asset_current","False","",""
"by_970000","97.00.00","Расходы будущих периодов","expense","False","",""
"by_970100","97.01.00","Прочие расходы будущих периодов","expense","False","",""
"by_970200","97.02.00","Расходы на оплату труда будущих периодов","expense","False","",""
"by_970300","97.03.00","НДС 60 дней","asset_current","False","",""
"by_970400","97.04.00","Расходы по покупке валюты","asset_current","False","",""
"by_970401","97.04.01","Доходы от купли-продажи валюты","asset_current","False","",""
"by_970402","97.04.02","Расходы от купли-продажи валюты","asset_current","False","",""
"by_970500","97.05.00","Курсовые разницы","asset_current","False","",""
"by_970501","97.05.01","По сырью, материалам, товарам, работам, услугам","asset_current","False","",""
"by_970506","97.05.06","По прочей кредиторской задолженности","asset_current","False","",""
"by_980000","98.00.00","Доходы будущих периодов","asset_current","False","",""
"by_980100","98.01.00","Доходы, полученные в счет будущих периодов","asset_current","False","",""
"by_980200","98.02.00","Безвозмездные поступления","income","False","",""
"by_980300","98.03.00","Предстоящие поступления по недостачам, выявленным за прошлые годы","asset_current","False","",""
"by_980400","98.04.00","Разница между суммой, подлежащей взысканию с виновных лиц, и балансовой стоимостью по недостачам ценностей","asset_current","False","",""
"by_980500","98.05.00","Курсовая разница в доходах будущих периодов","asset_current","False","",""
"by_980600","98.06.00","Целевое финансирование","asset_current","False","",""
"by_990000","99.00.00","Прибыли и убытки","asset_current","False","",""
"by_990100","99.01.00","Прибыли и убытки","asset_current","False","",""
"by_000000","0000.00","Вспомогательный счет","off_balance","False","",""
"by_000100","0001.00","Арендованные основные средства","off_balance","False","",""
"by_000200","0002.00","Имущество, принятое на ответственное хранение","off_balance","False","",""
"by_000210","0002.01","Материалы, принятые на ответственное хранение","off_balance","False","",""
"by_000220","0002.02","Товары, принятые на ответственное хранение","off_balance","False","",""
"by_000300","0003.00","Материалы, принятые в переработку","off_balance","False","",""
"by_000310","0003.01","Материалы на складе","off_balance","False","",""
"by_000320","0003.02","Материалы, переданные в производство","off_balance","False","",""
"by_000400","0004.00","Товары, принятые на комиссию","off_balance","False","",""
"by_000410","0004.01","Товары на складе","off_balance","False","",""
"by_000420","0004.02","Товары, переданные на комиссию","off_balance","False","",""
"by_000500","0005.00","Оборудование, принятое для монтажа","off_balance","False","",""
"by_000600","0006.00","Бланки документов с определенной степенью защиты","off_balance","False","",""
"by_000610","0006.01","Бланки документов с определенной степенью защиты в месте хранения","off_balance","False","",""
"by_000620","0006.02","Бланки документов с определенной степенью защиты у материально ответственного лица","off_balance","False","",""
"by_000700","0007.00","Списанная безнадежная к получению дебиторская задолженность","off_balance","False","",""
"by_000800","0008.00","Обеспечения обязательств полученные","off_balance","False","",""
"by_000900","0009.00","Обеспечения обязательств выданные","off_balance","False","",""
"by_001100","0011.00","Основные средства, сданные в аренду","off_balance","False","",""
"by_001400","0014.00","Потеря стоимости основных средств","off_balance","False","",""
"by_001600","0016.00","Недвижимое имущество, находящееся в совместном домовладении","off_balance","False","",""
"by_001700","0017.00","Именные приватизационные чеки «Имущество»","off_balance","False","",""
